{
    "name": "ticker",
    "title": "jQuery Ticker",
    "description": "A lightweight jQuery plugin for animating a simple news ticker.",
    "keywords": [
        "ticker",
        "news",
        "marquee",
        "news-ticker"
    ],
    "version": "v1.2.1",
    "author": {
        "name": "Benjamin Harris",
        "url": "https://github.com/BenjaminRH"
    },
    "maintainers": [
        {
            "name": "Benjamin Harris",
            "email": "benjamin3harris@gmail.com",
            "url": "https://github.com/BenjaminRH"
        }
    ],
    "licenses": [
        {
            "type": "MIT",
            "url": "https://raw.githubusercontent.com/BenjaminRH/jquery-ticker/master/LICENSE"
        }
    ],
    "bugs": "https://github.com/BenjaminRH/jquery-ticker/issues",
    "homepage": "https://benjaminrh.github.io/jquery-ticker",
    "docs": "https://benjaminrh.github.io/jquery-ticker#usage",
    "demo": "https://benjaminrh.github.io/jquery-ticker/#demo",
    "dependencies": {
        "jquery": ">=1.0"
    }
}
